source_id,datetime,property_name,temperature
MICDEV001,2019-04-13T17:51:16.000+0000,heating_temperature,33.3
MICDEV001,2019-04-13T17:51:16.000+0000,cooling_temperature,15
MICDEV001,2019-04-13T18:51:18.000+0000,heating_temperature,34
MICDEV001,2019-04-13T19:51:20.000+0000,heating_temperature,33.8
MICDEV001,2019-04-13T20:51:21.000+0000,heating_temperature,34.2
MICDEV001,2019-04-13T21:51:23.000+0000,heating_temperature,34.5
MICDEV001,2019-04-13T22:51:25.000+0000,heating_temperature,34.7
MICDEV001,2019-04-13T23:51:26.000+0000,heating_temperature,34.8
MICDEV001,2019-04-14T00:51:28.000+0000,heating_temperature,34.9
MICDEV001,2019-04-14T01:51:30.000+0000,heating_temperature,35
MICDEV001,2019-04-14T06:51:38.000+0000,heating_temperature,35.1
MICDEV001,2019-04-14T08:51:41.000+0000,heating_temperature,34.4
MICDEV001,2019-04-14T09:51:43.000+0000,heating_temperature,34.6
MICDEV001,2019-04-14T10:25:16.000+0000,heating_temperature,34.2
MICDEV001,2019-04-14T10:25:16.000+0000,cooling_temperature,20.9
MICDEV001,2019-04-14T10:43:38.000+0000,heating_temperature,34.5
MICDEV001,2019-04-14T10:43:38.000+0000,cooling_temperature,20.4
MICDEV001,2019-04-14T11:39:32.000+0000,heating_temperature,33.9
MICDEV001,2019-04-14T11:39:32.000+0000,cooling_temperature,32.3
MICDEV001,2019-04-14T11:52:06.000+0000,cooling_temperature,32.4
MICDEV001,2019-04-14T11:58:19.000+0000,cooling_temperature,31.7
MICDEV001,2019-04-14T13:24:43.000+0000,heating_temperature,34.8
MICDEV001,2019-04-14T13:24:43.000+0000,cooling_temperature,15
MICDEV001,2019-04-14T14:38:23.000+0000,heating_temperature,34.5
MICDEV001,2019-04-14T14:38:23.000+0000,cooling_temperature,17
MICDEV001,2019-04-14T15:00:38.000+0000,heating_temperature,32.4
MICDEV001,2019-04-14T15:00:38.000+0000,cooling_temperature,31.6
MICDEV001,2019-04-14T16:00:40.000+0000,heating_temperature,33.7
MICDEV001,2019-04-14T16:00:40.000+0000,cooling_temperature,15
MICDEV001,2019-04-14T17:00:42.000+0000,heating_temperature,34.9
MICDEV001,2019-04-14T18:00:43.000+0000,heating_temperature,35.7
MICDEV001,2019-04-14T19:00:45.000+0000,heating_temperature,36.1
MICDEV001,2019-04-14T19:00:45.000+0000,cooling_temperature,15.1
MICDEV001,2019-04-14T20:00:47.000+0000,heating_temperature,36.4
MICDEV001,2019-04-14T20:00:47.000+0000,cooling_temperature,15
MICDEV001,2019-04-14T21:00:48.000+0000,heating_temperature,36.5
MICDEV001,2019-04-14T22:00:50.000+0000,heating_temperature,36.4
MICDEV001,2019-04-14T23:00:52.000+0000,heating_temperature,36.3
MICDEV001,2019-04-15T00:00:53.000+0000,heating_temperature,36.2
MICDEV001,2019-04-15T01:00:55.000+0000,heating_temperature,36.1
MICDEV001,2019-04-15T03:00:58.000+0000,heating_temperature,36
MICDEV001,2019-04-15T05:01:02.000+0000,heating_temperature,35.9
MICDEV001,2019-04-15T06:01:03.000+0000,heating_temperature,36
MICDEV001,2019-04-15T07:01:05.000+0000,heating_temperature,35.7
MICDEV001,2019-04-15T08:01:07.000+0000,heating_temperature,35
MICDEV001,2019-04-15T09:01:08.000+0000,heating_temperature,34.7
MICDEV001,2019-04-15T09:57:11.000+0000,heating_temperature,34.5
MICDEV001,2019-04-15T09:57:11.000+0000,cooling_temperature,19.7
MICDEV001,2019-04-15T10:57:13.000+0000,heating_temperature,34.8
MICDEV001,2019-04-15T10:57:13.000+0000,cooling_temperature,15
MICDEV001,2019-04-15T13:57:18.000+0000,heating_temperature,35.1
MICDEV001,2019-04-15T14:57:19.000+0000,heating_temperature,35.3
MICDEV001,2019-04-15T15:57:21.000+0000,heating_temperature,35.1
MICDEV001,2019-04-15T16:57:23.000+0000,heating_temperature,35
MICDEV001,2019-04-15T17:57:24.000+0000,cooling_temperature,14.9
MICDEV001,2019-04-15T18:57:26.000+0000,heating_temperature,34.8
MICDEV001,2019-04-15T18:57:26.000+0000,cooling_temperature,15
MICDEV001,2019-04-15T19:57:28.000+0000,heating_temperature,34.6
MICDEV001,2019-04-15T20:57:29.000+0000,heating_temperature,34.7
MICDEV001,2019-04-15T21:57:31.000+0000,heating_temperature,34.8
MICDEV001,2019-04-15T22:57:33.000+0000,heating_temperature,34.5
MICDEV001,2019-04-15T23:57:34.000+0000,heating_temperature,35
MICDEV001,2019-04-16T00:57:36.000+0000,heating_temperature,35.3
MICDEV001,2019-04-16T01:57:38.000+0000,heating_temperature,35.5
MICDEV001,2019-04-16T04:57:43.000+0000,heating_temperature,35.4
MICDEV001,2019-04-16T05:57:44.000+0000,heating_temperature,35.3
MICDEV001,2019-04-16T07:57:48.000+0000,heating_temperature,34.7
MICDEV001,2019-04-16T08:58:39.000+0000,heating_temperature,32.9
MICDEV001,2019-04-16T08:58:39.000+0000,cooling_temperature,31.8
MICDEV001,2019-04-16T09:58:40.000+0000,heating_temperature,34.1
MICDEV001,2019-04-16T09:58:40.000+0000,cooling_temperature,15
MICDEV001,2019-04-16T10:58:42.000+0000,heating_temperature,34.7
MICDEV001,2019-04-16T13:58:47.000+0000,heating_temperature,35
MICDEV001,2019-04-16T14:58:49.000+0000,heating_temperature,35.2
MICDEV001,2019-04-16T15:58:50.000+0000,heating_temperature,34.8
MICDEV001,2019-04-16T16:58:52.000+0000,heating_temperature,34.7
MICDEV001,2019-04-17T13:55:03.000+0000,heating_temperature,23.1
MICDEV001,2019-04-17T13:55:03.000+0000,cooling_temperature,21.6
MICDEV001,2019-04-17T14:01:13.000+0000,heating_temperature,23.7
MICDEV001,2019-04-17T14:01:13.000+0000,cooling_temperature,21.1
MICDEV001,2019-04-17T14:49:08.000+0000,heating_temperature,27
MICDEV001,2019-04-17T14:49:08.000+0000,cooling_temperature,26
MICDEV001,2019-04-17T15:49:10.000+0000,heating_temperature,30.7
MICDEV001,2019-04-17T15:49:10.000+0000,cooling_temperature,15
MICDEV001,2019-04-17T16:49:11.000+0000,heating_temperature,32.7
MICDEV001,2019-04-23T09:31:58.000+0000,heating_temperature,24.3
MICDEV001,2019-04-23T09:31:58.000+0000,cooling_temperature,23.1
MICDEV001,2019-04-23T10:32:00.000+0000,heating_temperature,29.5
MICDEV001,2019-04-23T10:32:00.000+0000,cooling_temperature,15
MICDEV001,2019-04-23T11:32:02.000+0000,heating_temperature,32.1
MICDEV001,2019-04-23T12:32:03.000+0000,heating_temperature,33.3
MICDEV001,2019-04-23T13:32:05.000+0000,heating_temperature,34.3
MICDEV001,2019-04-23T14:30:18.000+0000,heating_temperature,33.6
MICDEV001,2019-04-23T14:30:18.000+0000,cooling_temperature,32
MICDEV001,2019-04-23T15:30:19.000+0000,heating_temperature,34.7
MICDEV001,2019-04-23T15:30:19.000+0000,cooling_temperature,15
MICDEV001,2019-04-23T16:30:21.000+0000,heating_temperature,34.9
MICDEV001,2019-04-23T16:30:21.000+0000,cooling_temperature,15.1
MICDEV001,2019-04-23T17:30:23.000+0000,heating_temperature,35.1
MICDEV001,2019-04-23T17:30:23.000+0000,cooling_temperature,15
MICDEV001,2019-04-26T13:20:57.000+0000,heating_temperature,26.8
MICDEV001,2019-04-26T13:20:57.000+0000,cooling_temperature,25.8
MICDEV001,2019-04-26T14:20:59.000+0000,heating_temperature,30.5
MICDEV001,2019-04-26T14:20:59.000+0000,cooling_temperature,15
MICDEV001,2019-04-26T15:21:00.000+0000,heating_temperature,32.2
MICDEV001,2019-04-26T15:21:00.000+0000,cooling_temperature,15.1
MICDEV001,2019-04-26T16:21:02.000+0000,heating_temperature,33.3
MICDEV001,2019-04-26T16:21:02.000+0000,cooling_temperature,15
MICDEV001,2019-04-26T17:31:50.000+0000,heating_temperature,31.1
MICDEV001,2019-04-26T17:31:50.000+0000,cooling_temperature,30.1
MICDEV001,2019-04-29T09:20:40.000+0000,heating_temperature,23.3
MICDEV001,2019-04-29T09:20:40.000+0000,cooling_temperature,22.2
MICDEV001,2019-04-29T10:20:42.000+0000,heating_temperature,28.6
MICDEV001,2019-04-29T10:20:42.000+0000,cooling_temperature,15
MICDEV001,2019-04-29T11:20:43.000+0000,heating_temperature,31.6
MICDEV001,2019-04-29T12:20:45.000+0000,heating_temperature,33.3
MICDEV001,2019-04-29T13:20:47.000+0000,heating_temperature,34.1
MICDEV001,2019-04-29T14:20:48.000+0000,heating_temperature,34.2
MICDEV001,2019-04-29T14:39:03.000+0000,heating_temperature,33.4
MICDEV001,2019-04-29T14:39:03.000+0000,cooling_temperature,32.3
MICDEV001,2019-04-29T15:17:34.000+0000,heating_temperature,34.2
MICDEV001,2019-04-29T15:17:34.000+0000,cooling_temperature,15
MICDEV001,2019-04-29T16:17:35.000+0000,heating_temperature,34.8
MICDEV001,2019-04-29T17:08:16.000+0000,heating_temperature,34.4
MICDEV001,2019-04-29T17:08:16.000+0000,cooling_temperature,23.8
MICDEV001,2019-04-29T18:08:17.000+0000,heating_temperature,34.7
MICDEV001,2019-04-29T18:08:17.000+0000,cooling_temperature,15
MICDEV001,2019-04-30T08:37:41.000+0000,heating_temperature,23.6
MICDEV001,2019-04-30T08:37:41.000+0000,cooling_temperature,22.4
MICDEV001,2019-04-30T08:52:16.000+0000,heating_temperature,25
MICDEV001,2019-04-30T08:52:16.000+0000,cooling_temperature,24
MICDEV001,2019-04-30T09:52:18.000+0000,heating_temperature,29.7
MICDEV001,2019-04-30T09:52:18.000+0000,cooling_temperature,15
MICDEV001,2019-04-30T10:52:19.000+0000,heating_temperature,32
MICDEV001,2019-04-30T11:52:21.000+0000,heating_temperature,33.5
MICDEV001,2019-04-30T12:52:23.000+0000,heating_temperature,34.1
MICDEV001,2019-04-30T13:52:24.000+0000,heating_temperature,34.4
MICDEV001,2019-04-30T14:52:26.000+0000,heating_temperature,34.3
MICDEV001,2019-04-30T15:52:28.000+0000,heating_temperature,34.7
MICDEV001,2019-04-30T16:52:29.000+0000,heating_temperature,35.1
MICDEV001,2019-04-30T18:52:32.000+0000,heating_temperature,34.8
MICDEV001,2019-04-30T19:52:33.000+0000,heating_temperature,34.5
MICDEV001,2019-05-02T09:33:47.000+0000,heating_temperature,24.8
MICDEV001,2019-05-02T09:33:47.000+0000,cooling_temperature,23.6
MICDEV001,2019-05-02T10:33:49.000+0000,heating_temperature,29.4
MICDEV001,2019-05-02T10:33:49.000+0000,cooling_temperature,15
MICDEV001,2019-05-02T11:33:50.000+0000,heating_temperature,32.1
MICDEV001,2019-05-02T12:33:52.000+0000,heating_temperature,33.5
MICDEV001,2019-05-02T13:33:54.000+0000,heating_temperature,33.9
MICDEV001,2019-05-02T14:33:55.000+0000,heating_temperature,34.4
MICDEV001,2019-05-02T15:33:57.000+0000,heating_temperature,34.7
MICDEV001,2019-05-02T16:33:58.000+0000,heating_temperature,34.3
MICDEV001,2019-05-02T17:34:00.000+0000,heating_temperature,34.5
MICDEV001,2019-05-02T18:34:02.000+0000,heating_temperature,34
MICDEV001,2019-05-02T19:34:03.000+0000,heating_temperature,34.2
MICDEV001,2019-05-06T11:02:12.000+0000,heating_temperature,22.2
MICDEV001,2019-05-06T11:02:12.000+0000,cooling_temperature,20.9
MICDEV001,2019-05-06T12:02:13.000+0000,heating_temperature,28
MICDEV001,2019-05-06T12:02:13.000+0000,cooling_temperature,15
MICDEV001,2019-05-06T13:02:15.000+0000,heating_temperature,31.3
MICDEV001,2019-05-06T14:02:17.000+0000,heating_temperature,32.4
MICDEV001,2019-05-06T15:02:18.000+0000,heating_temperature,33.4
MICDEV001,2019-05-06T16:02:20.000+0000,heating_temperature,34.2
MICDEV001,2019-05-06T17:02:21.000+0000,heating_temperature,34.4
MICDEV001,2019-05-06T17:31:47.000+0000,heating_temperature,33.4
MICDEV001,2019-05-06T17:31:47.000+0000,cooling_temperature,31.9
MICDEV001,2019-05-06T18:31:49.000+0000,heating_temperature,34.6
MICDEV001,2019-05-06T18:31:49.000+0000,cooling_temperature,15
MICDEV001,2019-05-06T19:51:44.000+0000,heating_temperature,31.3
MICDEV001,2019-05-06T19:51:44.000+0000,cooling_temperature,30.3
MICDEV001,2019-05-06T20:51:46.000+0000,heating_temperature,33
MICDEV001,2019-05-06T20:51:46.000+0000,cooling_temperature,15
MICDEV001,2019-05-07T09:04:49.000+0000,heating_temperature,22.8
MICDEV001,2019-05-07T09:04:49.000+0000,cooling_temperature,21.5
MICDEV001,2019-05-07T09:37:06.000+0000,heating_temperature,26.2
MICDEV001,2019-05-07T09:37:06.000+0000,cooling_temperature,20.9
MICDEV001,2019-05-07T10:37:08.000+0000,heating_temperature,30.2
MICDEV001,2019-05-07T10:37:08.000+0000,cooling_temperature,15.1
MICDEV001,2019-05-07T11:37:10.000+0000,heating_temperature,32.2
MICDEV001,2019-05-07T11:37:10.000+0000,cooling_temperature,15
MICDEV001,2019-05-07T13:14:51.000+0000,heating_temperature,32.6
MICDEV001,2019-05-07T13:14:51.000+0000,cooling_temperature,31
MICDEV001,2019-05-07T14:14:52.000+0000,heating_temperature,33.9
MICDEV001,2019-05-07T14:14:52.000+0000,cooling_temperature,15
MICDEV001,2019-05-07T15:14:54.000+0000,heating_temperature,34.5
MICDEV001,2019-05-07T16:14:56.000+0000,heating_temperature,34.4
MICDEV001,2019-05-07T17:14:57.000+0000,heating_temperature,34.5
MICDEV001,2019-05-07T17:32:18.000+0000,heating_temperature,33.7
MICDEV001,2019-05-07T17:32:18.000+0000,cooling_temperature,32.2
MICDEV001,2019-05-07T18:32:20.000+0000,heating_temperature,34.3
MICDEV001,2019-05-07T18:32:20.000+0000,cooling_temperature,15
MICDEV001,2019-05-08T09:53:12.000+0000,heating_temperature,25.8
MICDEV001,2019-05-08T09:53:12.000+0000,cooling_temperature,24.6
MICDEV001,2019-05-08T10:53:13.000+0000,heating_temperature,30.2
MICDEV001,2019-05-08T10:53:13.000+0000,cooling_temperature,15
MICDEV001,2019-05-08T11:53:15.000+0000,heating_temperature,32.4
MICDEV001,2019-05-08T12:53:17.000+0000,heating_temperature,33
MICDEV001,2019-05-08T13:53:18.000+0000,heating_temperature,33.8
MICDEV001,2019-05-08T14:53:20.000+0000,heating_temperature,34.2
MICDEV001,2019-05-08T15:53:22.000+0000,heating_temperature,34.3
MICDEV001,2019-05-08T16:53:23.000+0000,heating_temperature,34.7
MICDEV001,2019-05-08T17:47:04.000+0000,heating_temperature,34
MICDEV001,2019-05-08T17:47:04.000+0000,cooling_temperature,32.6
MICDEV001,2019-05-08T18:07:58.000+0000,heating_temperature,33.5
MICDEV001,2019-05-08T18:07:58.000+0000,cooling_temperature,32.3
MICDEV001,2019-05-08T18:38:21.000+0000,heating_temperature,33
MICDEV001,2019-05-08T18:38:21.000+0000,cooling_temperature,31.4
MICDEV001,2019-05-08T19:38:23.000+0000,heating_temperature,34.2
MICDEV001,2019-05-08T19:38:23.000+0000,cooling_temperature,15
MICDEV001,2019-05-08T21:36:36.000+0000,heating_temperature,32.9
MICDEV001,2019-05-08T21:36:36.000+0000,cooling_temperature,31.9
MICDEV001,2019-05-08T22:36:37.000+0000,heating_temperature,33.7
MICDEV001,2019-05-08T22:36:37.000+0000,cooling_temperature,15
MICDEV001,2019-05-08T23:36:39.000+0000,heating_temperature,34.8
MICDEV001,2019-05-09T00:36:41.000+0000,heating_temperature,35.7
MICDEV001,2019-05-09T01:36:42.000+0000,heating_temperature,36.3
MICDEV001,2019-05-09T02:36:44.000+0000,heating_temperature,36.7
MICDEV001,2019-05-09T03:36:46.000+0000,heating_temperature,37
MICDEV001,2019-05-09T04:36:47.000+0000,heating_temperature,37.2
MICDEV001,2019-05-09T05:36:49.000+0000,heating_temperature,37.4
MICDEV001,2019-05-09T07:36:52.000+0000,heating_temperature,35.6
MICDEV001,2019-05-09T08:36:54.000+0000,heating_temperature,35.3
MICDEV001,2019-05-09T09:36:55.000+0000,heating_temperature,35.2
MICDEV001,2019-05-09T10:38:55.000+0000,heating_temperature,33.8
MICDEV001,2019-05-09T10:38:55.000+0000,cooling_temperature,32.4
MICDEV001,2019-05-09T11:38:57.000+0000,heating_temperature,34.7
MICDEV001,2019-05-09T11:38:57.000+0000,cooling_temperature,15
MICDEV001,2019-05-09T12:38:58.000+0000,heating_temperature,34.9
MICDEV001,2019-05-09T13:39:00.000+0000,heating_temperature,34.6
MICDEV001,2019-05-09T15:39:03.000+0000,heating_temperature,34.9
MICDEV001,2019-05-09T16:39:05.000+0000,heating_temperature,35
MICDEV001,2019-05-10T09:25:17.000+0000,heating_temperature,27
MICDEV001,2019-05-10T09:25:17.000+0000,cooling_temperature,25.9
MICDEV001,2019-05-10T10:25:19.000+0000,heating_temperature,30.8
MICDEV001,2019-05-10T10:25:19.000+0000,cooling_temperature,15
MICDEV001,2019-05-10T11:25:20.000+0000,heating_temperature,32.8
MICDEV001,2019-05-10T11:48:44.000+0000,heating_temperature,32.5
MICDEV001,2019-05-10T11:48:44.000+0000,cooling_temperature,31
MICDEV001,2019-05-10T12:48:45.000+0000,heating_temperature,34.2
MICDEV001,2019-05-10T12:48:45.000+0000,cooling_temperature,15
MICDEV001,2019-05-10T13:48:47.000+0000,heating_temperature,34.6
MICDEV001,2019-05-10T14:48:48.000+0000,heating_temperature,34.5
MICDEV001,2019-05-10T15:48:50.000+0000,heating_temperature,35.1
MICDEV001,2019-05-10T16:48:52.000+0000,heating_temperature,35.2
MICDEV001,2019-05-10T17:48:53.000+0000,heating_temperature,34.8
MICDEV001,2019-05-14T09:08:40.000+0000,heating_temperature,25.1
MICDEV001,2019-05-14T09:08:40.000+0000,cooling_temperature,24.1
MICDEV001,2019-05-14T10:08:41.000+0000,heating_temperature,29.7
MICDEV001,2019-05-14T10:08:41.000+0000,cooling_temperature,15
MICDEV001,2019-05-14T11:08:43.000+0000,heating_temperature,32
MICDEV001,2019-05-14T12:08:45.000+0000,heating_temperature,33.4
MICDEV001,2019-05-14T13:08:46.000+0000,heating_temperature,33.5
MICDEV001,2019-05-14T14:08:48.000+0000,heating_temperature,33.9
MICDEV001,2019-05-14T15:08:50.000+0000,heating_temperature,34
MICDEV001,2019-05-14T15:08:50.000+0000,cooling_temperature,15.1
MICDEV001,2019-05-14T16:08:51.000+0000,heating_temperature,34.1
MICDEV001,2019-05-14T16:08:51.000+0000,cooling_temperature,15
MICDEV001,2019-05-14T17:08:53.000+0000,heating_temperature,34.6
MICDEV001,2019-05-15T08:36:37.000+0000,heating_temperature,24.6
MICDEV001,2019-05-15T08:36:37.000+0000,cooling_temperature,23.2
MICDEV001,2019-05-15T09:36:39.000+0000,heating_temperature,29.5
MICDEV001,2019-05-15T09:36:39.000+0000,cooling_temperature,15.1
MICDEV001,2019-05-15T10:36:40.000+0000,heating_temperature,32.4
MICDEV001,2019-05-15T10:36:40.000+0000,cooling_temperature,15
MICDEV001,2019-05-15T11:36:42.000+0000,heating_temperature,33.8
MICDEV001,2019-05-15T12:36:55.000+0000,heating_temperature,32.1
MICDEV001,2019-05-15T12:36:55.000+0000,cooling_temperature,31.2
MICDEV001,2019-05-15T13:36:56.000+0000,heating_temperature,33.7
MICDEV001,2019-05-15T13:36:56.000+0000,cooling_temperature,15
MICDEV001,2019-05-15T13:40:43.000+0000,heating_temperature,33.6
MICDEV001,2019-05-15T13:40:43.000+0000,cooling_temperature,19.5
MICDEV001,2019-05-15T14:08:38.000+0000,heating_temperature,33.8
MICDEV001,2019-05-15T14:08:38.000+0000,cooling_temperature,20.6
MICDEV001,2019-05-15T15:08:40.000+0000,heating_temperature,35
MICDEV001,2019-05-15T15:08:40.000+0000,cooling_temperature,15
MICDEV001,2019-05-15T16:08:42.000+0000,heating_temperature,34.9
MICDEV001,2019-05-15T17:08:43.000+0000,heating_temperature,35.3
MICDEV001,2019-05-20T09:56:29.000+0000,heating_temperature,23.1
MICDEV001,2019-05-20T09:56:29.000+0000,cooling_temperature,22.1
MICDEV001,2019-05-20T10:56:31.000+0000,heating_temperature,28.7
MICDEV001,2019-05-20T10:56:31.000+0000,cooling_temperature,15
MICDEV001,2019-05-20T11:56:33.000+0000,heating_temperature,31.6
MICDEV001,2019-05-20T12:56:34.000+0000,heating_temperature,33.3
MICDEV001,2019-05-20T12:56:34.000+0000,cooling_temperature,15.1
MICDEV001,2019-05-20T13:56:36.000+0000,heating_temperature,34.1
MICDEV001,2019-05-20T13:56:36.000+0000,cooling_temperature,15
MICDEV001,2019-05-20T14:56:38.000+0000,heating_temperature,34.3
MICDEV001,2019-05-20T15:56:18.000+0000,heating_temperature,32.3
MICDEV001,2019-05-20T15:56:18.000+0000,cooling_temperature,31.5
MICDEV001,2019-05-20T18:04:45.000+0000,heating_temperature,33.2
MICDEV001,2019-05-20T18:04:45.000+0000,cooling_temperature,32.3
MICDEV001,2019-05-21T10:13:20.000+0000,heating_temperature,28.7
MICDEV001,2019-05-21T10:13:20.000+0000,cooling_temperature,15
MICDEV001,2019-05-21T11:13:22.000+0000,heating_temperature,32
MICDEV001,2019-05-21T11:49:56.000+0000,cooling_temperature,29
MICDEV001,2019-05-21T12:49:57.000+0000,heating_temperature,33.9
MICDEV001,2019-05-21T12:49:57.000+0000,cooling_temperature,15
MICDEV001,2019-05-21T13:49:59.000+0000,heating_temperature,34.6
MICDEV001,2019-05-21T15:50:02.000+0000,heating_temperature,34.8
MICDEV001,2019-05-21T16:50:04.000+0000,heating_temperature,35.2
MICDEV001,2019-05-21T17:50:06.000+0000,heating_temperature,35.5
MICDEV001,2019-05-23T09:10:05.000+0000,heating_temperature,24.2
MICDEV001,2019-05-23T09:10:05.000+0000,cooling_temperature,23.2
MICDEV001,2019-05-23T10:10:06.000+0000,heating_temperature,29.1
MICDEV001,2019-05-23T10:10:06.000+0000,cooling_temperature,15
MICDEV001,2019-05-23T11:10:08.000+0000,heating_temperature,32.2
MICDEV001,2019-05-23T12:10:10.000+0000,heating_temperature,33.7
MICDEV001,2019-05-23T13:10:11.000+0000,heating_temperature,34.2
MICDEV001,2019-05-23T14:05:55.000+0000,cooling_temperature,22.1
MICDEV001,2019-05-23T15:05:56.000+0000,heating_temperature,35
MICDEV001,2019-05-23T15:05:56.000+0000,cooling_temperature,15
MICDEV001,2019-05-23T16:05:58.000+0000,heating_temperature,34.4
MICDEV001,2019-05-23T17:06:00.000+0000,heating_temperature,34.3
MICDEV001,2019-05-23T18:06:01.000+0000,heating_temperature,34.5
MICDEV001,2019-05-23T19:06:03.000+0000,heating_temperature,34.1
MICDEV001,2019-05-24T08:53:56.000+0000,heating_temperature,22.7
MICDEV001,2019-05-24T08:53:56.000+0000,cooling_temperature,21.6
MICDEV001,2019-05-24T09:53:58.000+0000,heating_temperature,28.2
MICDEV001,2019-05-24T09:53:58.000+0000,cooling_temperature,15
MICDEV001,2019-05-24T10:54:00.000+0000,heating_temperature,31.5
MICDEV001,2019-05-24T10:54:00.000+0000,cooling_temperature,15.1
MICDEV001,2019-05-24T11:54:01.000+0000,heating_temperature,33.3
MICDEV001,2019-05-24T11:54:01.000+0000,cooling_temperature,15
MICDEV001,2019-05-24T12:54:03.000+0000,heating_temperature,34
MICDEV001,2019-05-24T13:19:22.000+0000,heating_temperature,33.6
MICDEV001,2019-05-24T13:19:22.000+0000,cooling_temperature,26
MICDEV001,2019-05-24T14:19:24.000+0000,heating_temperature,34.5
MICDEV001,2019-05-24T14:19:24.000+0000,cooling_temperature,15
MICDEV001,2019-05-24T15:19:25.000+0000,heating_temperature,34.4
MICDEV001,2019-05-24T15:19:25.000+0000,cooling_temperature,15.1
MICDEV001,2019-05-24T16:19:27.000+0000,heating_temperature,34.5
MICDEV001,2019-05-24T16:19:27.000+0000,cooling_temperature,15
MICDEV001,2019-05-27T08:21:20.000+0000,heating_temperature,22.7
MICDEV001,2019-05-27T08:21:20.000+0000,cooling_temperature,21.7
MICDEV001,2019-05-27T09:21:21.000+0000,heating_temperature,28.3
MICDEV001,2019-05-27T09:21:21.000+0000,cooling_temperature,15
MICDEV001,2019-05-27T10:21:23.000+0000,heating_temperature,31.5
MICDEV001,2019-05-27T11:21:25.000+0000,heating_temperature,32.9
MICDEV001,2019-05-27T11:21:25.000+0000,cooling_temperature,15.1
MICDEV001,2019-05-27T12:21:26.000+0000,heating_temperature,33.7
MICDEV001,2019-05-27T12:21:26.000+0000,cooling_temperature,15
MICDEV001,2019-05-27T13:21:28.000+0000,heating_temperature,34.3
MICDEV001,2019-05-27T14:21:30.000+0000,cooling_temperature,15.1
MICDEV001,2019-05-27T15:21:31.000+0000,cooling_temperature,15
MICDEV001,2019-05-28T08:35:12.000+0000,heating_temperature,22.9
MICDEV001,2019-05-28T08:35:12.000+0000,cooling_temperature,21.5
MICDEV001,2019-05-28T09:35:14.000+0000,heating_temperature,28.2
MICDEV001,2019-05-28T09:35:14.000+0000,cooling_temperature,15
MICDEV001,2019-05-28T10:35:15.000+0000,heating_temperature,31.4
MICDEV001,2019-05-28T11:35:17.000+0000,heating_temperature,32.7
MICDEV001,2019-05-28T12:35:19.000+0000,heating_temperature,33.6
MICDEV001,2019-05-28T13:35:20.000+0000,heating_temperature,34.2
MICDEV001,2019-05-28T14:35:22.000+0000,heating_temperature,34.1
MICDEV001,2019-05-28T14:35:22.000+0000,cooling_temperature,15.1
MICDEV001,2019-05-28T15:35:24.000+0000,heating_temperature,34.6
MICDEV001,2019-05-28T15:35:24.000+0000,cooling_temperature,15
MICDEV001,2019-05-28T16:35:25.000+0000,heating_temperature,34.2
MICDEV001,2019-05-28T17:35:27.000+0000,heating_temperature,34.5
MICDEV001,2019-05-28T18:35:29.000+0000,heating_temperature,34.1
MICDEV001,2019-06-03T10:32:10.000+0000,heating_temperature,23
MICDEV001,2019-06-03T10:32:10.000+0000,cooling_temperature,21.6
MICDEV001,2019-06-03T11:32:11.000+0000,heating_temperature,28.7
MICDEV001,2019-06-03T11:32:11.000+0000,cooling_temperature,15
MICDEV001,2019-06-03T12:32:13.000+0000,heating_temperature,31.8
MICDEV001,2019-06-03T13:32:15.000+0000,heating_temperature,33.2
MICDEV001,2019-06-03T14:32:17.000+0000,heating_temperature,33.8
MICDEV001,2019-06-03T15:32:18.000+0000,heating_temperature,34
MICDEV001,2019-06-04T17:28:33.000+0000,heating_temperature,29.6
MICDEV001,2019-06-04T17:28:33.000+0000,cooling_temperature,28.8
MICDEV001,2019-06-04T17:43:27.000+0000,heating_temperature,30.3
MICDEV001,2019-06-04T17:43:27.000+0000,cooling_temperature,21.4
MICDEV001,2019-06-04T18:43:29.000+0000,heating_temperature,32.5
MICDEV001,2019-06-04T18:43:29.000+0000,cooling_temperature,15
MICDEV001,2019-06-04T19:43:30.000+0000,heating_temperature,33.2
MICDEV001,2019-06-04T20:43:32.000+0000,heating_temperature,33.8
MICDEV001,2019-06-04T21:43:34.000+0000,heating_temperature,34.4
MICDEV001,2019-06-04T22:43:35.000+0000,heating_temperature,34.6
MICDEV001,2019-06-04T23:43:37.000+0000,heating_temperature,34.9
MICDEV001,2019-06-05T00:43:39.000+0000,heating_temperature,35.6
MICDEV001,2019-06-05T01:43:40.000+0000,heating_temperature,36.2
MICDEV001,2019-06-05T02:43:42.000+0000,heating_temperature,36.6
MICDEV001,2019-06-05T03:43:44.000+0000,heating_temperature,36.7
MICDEV001,2019-06-05T04:43:45.000+0000,heating_temperature,37
MICDEV001,2019-06-05T05:43:47.000+0000,heating_temperature,37.2
MICDEV001,2019-06-05T06:43:49.000+0000,heating_temperature,37.1
MICDEV001,2019-06-05T07:43:50.000+0000,heating_temperature,35.4
MICDEV001,2019-06-05T08:43:52.000+0000,heating_temperature,35.2
MICDEV001,2019-06-05T09:43:54.000+0000,heating_temperature,35.1
MICDEV001,2019-06-05T10:43:55.000+0000,heating_temperature,34.1
MICDEV001,2019-06-05T11:43:57.000+0000,heating_temperature,34.6
MICDEV001,2019-06-05T12:43:59.000+0000,heating_temperature,34.1
MICDEV001,2019-06-05T13:44:00.000+0000,heating_temperature,34.3
MICDEV001,2019-06-05T14:44:02.000+0000,heating_temperature,34.5
MICDEV001,2019-06-05T15:44:04.000+0000,heating_temperature,34.2
MICDEV001,2019-06-05T16:44:05.000+0000,heating_temperature,34.7
MICDEV001,2019-06-05T17:44:07.000+0000,heating_temperature,34.2
MICDEV001,2019-06-06T10:35:00.000+0000,heating_temperature,22.5
MICDEV001,2019-06-06T10:35:00.000+0000,cooling_temperature,21.2
MICDEV001,2019-06-06T11:35:02.000+0000,heating_temperature,28.2
MICDEV001,2019-06-06T11:35:02.000+0000,cooling_temperature,15
MICDEV001,2019-06-06T12:35:04.000+0000,heating_temperature,31.2
MICDEV001,2019-06-06T13:35:05.000+0000,heating_temperature,32.8
MICDEV001,2019-06-06T14:35:07.000+0000,heating_temperature,33.4
MICDEV001,2019-06-07T09:50:20.000+0000,heating_temperature,32.4
MICDEV001,2019-06-07T09:50:20.000+0000,cooling_temperature,31.4
MICDEV001,2019-06-07T10:50:22.000+0000,heating_temperature,33.2
MICDEV001,2019-06-07T10:50:22.000+0000,cooling_temperature,15
MICDEV001,2019-06-07T11:50:23.000+0000,heating_temperature,34.2
MICDEV001,2019-06-07T13:50:27.000+0000,heating_temperature,34.5
MICDEV001,2019-06-14T09:01:21.000+0000,heating_temperature,22.4
MICDEV001,2019-06-14T09:01:21.000+0000,cooling_temperature,21.2
MICDEV001,2019-06-14T10:01:22.000+0000,heating_temperature,28.2
MICDEV001,2019-06-14T10:01:22.000+0000,cooling_temperature,15
MICDEV001,2019-06-14T11:01:24.000+0000,heating_temperature,31.4
MICDEV001,2019-06-14T12:01:26.000+0000,heating_temperature,33
MICDEV001,2019-06-14T13:01:27.000+0000,heating_temperature,33.4
MICDEV001,2019-06-14T14:01:29.000+0000,heating_temperature,33.7
MICDEV001,2019-06-14T16:02:23.000+0000,heating_temperature,33.6
MICDEV001,2019-06-14T16:02:23.000+0000,cooling_temperature,20.8
MICDEV001,2019-06-14T17:02:25.000+0000,heating_temperature,34.3
MICDEV001,2019-06-14T17:02:25.000+0000,cooling_temperature,15
MICDEV001,2019-06-14T18:02:26.000+0000,heating_temperature,34.4
MICDEV001,2019-06-17T08:19:28.000+0000,heating_temperature,22.9
MICDEV001,2019-06-17T08:19:28.000+0000,cooling_temperature,21.6
MICDEV001,2019-06-17T09:19:30.000+0000,heating_temperature,28.5
MICDEV001,2019-06-17T09:19:30.000+0000,cooling_temperature,15
MICDEV001,2019-06-17T10:19:31.000+0000,heating_temperature,31.8
MICDEV001,2019-06-17T11:19:33.000+0000,heating_temperature,33.5
MICDEV001,2019-06-17T12:19:35.000+0000,heating_temperature,34.1
MICDEV001,2019-06-17T13:19:36.000+0000,heating_temperature,34.5
MICDEV001,2019-06-17T14:19:38.000+0000,heating_temperature,34.8
MICDEV001,2019-06-17T15:19:40.000+0000,heating_temperature,34.6
MICDEV001,2019-06-17T16:19:41.000+0000,heating_temperature,34.8
MICDEV001,2019-06-18T16:31:59.000+0000,heating_temperature,22.7
MICDEV001,2019-06-18T16:31:59.000+0000,cooling_temperature,21.5
MICDEV001,2019-06-18T17:32:00.000+0000,heating_temperature,28.6
MICDEV001,2019-06-18T17:32:00.000+0000,cooling_temperature,15
MICDEV001,2019-06-18T18:32:02.000+0000,heating_temperature,31.8
MICDEV001,2019-06-18T18:32:02.000+0000,cooling_temperature,15.1
MICDEV001,2019-06-19T09:22:01.000+0000,heating_temperature,24.5
MICDEV001,2019-06-19T09:22:01.000+0000,cooling_temperature,23.5
MICDEV001,2019-06-19T10:22:03.000+0000,heating_temperature,29.4
MICDEV001,2019-06-19T10:22:03.000+0000,cooling_temperature,15
MICDEV001,2019-06-19T11:00:12.000+0000,heating_temperature,30.9
MICDEV001,2019-06-19T11:00:12.000+0000,cooling_temperature,29.8
MICDEV001,2019-06-19T12:00:14.000+0000,heating_temperature,32.8
MICDEV001,2019-06-19T12:00:14.000+0000,cooling_temperature,15
MICDEV001,2019-06-19T13:00:16.000+0000,heating_temperature,34.1
MICDEV001,2019-06-19T14:00:17.000+0000,heating_temperature,34.4
MICDEV001,2019-06-19T15:52:20.000+0000,heating_temperature,32.6
MICDEV001,2019-06-19T15:52:20.000+0000,cooling_temperature,31.4
MICDEV001,2019-06-19T16:52:21.000+0000,heating_temperature,32.5
MICDEV001,2019-06-19T16:52:21.000+0000,cooling_temperature,15
MICDEV001,2019-06-19T17:52:23.000+0000,heating_temperature,33
MICDEV001,2019-06-19T18:52:25.000+0000,heating_temperature,33.6
MICDEV001,2019-06-28T14:02:18.000+0000,heating_temperature,29.5
MICDEV001,2019-06-28T14:02:18.000+0000,cooling_temperature,28.5
MICDEV001,2019-07-01T10:12:29.000+0000,heating_temperature,25.4
MICDEV001,2019-07-01T10:12:29.000+0000,cooling_temperature,24.2
MICDEV001,2019-07-01T11:12:31.000+0000,heating_temperature,29.4
MICDEV001,2019-07-01T11:12:31.000+0000,cooling_temperature,15
MICDEV001,2019-07-01T12:12:32.000+0000,heating_temperature,32.2
MICDEV001,2019-07-01T13:12:34.000+0000,heating_temperature,33
MICDEV001,2019-07-01T14:12:35.000+0000,heating_temperature,33.5
MICDEV001,2019-07-01T15:12:37.000+0000,heating_temperature,34.2
MICDEV001,2019-07-01T16:12:39.000+0000,heating_temperature,34
MICDEV001,2019-07-01T17:12:40.000+0000,heating_temperature,34.3
MICDEV001,2019-07-01T18:12:42.000+0000,heating_temperature,34.6
MICDEV001,2019-07-01T18:43:17.000+0000,heating_temperature,34.2
MICDEV001,2019-07-01T18:43:17.000+0000,cooling_temperature,23.3
MICDEV001,2019-07-02T09:36:40.000+0000,heating_temperature,32.2
MICDEV001,2019-07-02T09:36:40.000+0000,cooling_temperature,31.4
MICDEV001,2019-07-02T10:36:42.000+0000,heating_temperature,33.8
MICDEV001,2019-07-02T10:36:42.000+0000,cooling_temperature,15
MICDEV001,2019-07-02T11:36:44.000+0000,heating_temperature,34.5
MICDEV001,2019-07-02T12:36:45.000+0000,heating_temperature,35.2
MICDEV001,2019-07-02T13:36:47.000+0000,heating_temperature,34.8
MICDEV001,2019-07-02T14:24:49.000+0000,cooling_temperature,25.3
MICDEV001,2019-07-02T15:24:50.000+0000,heating_temperature,35.2
MICDEV001,2019-07-02T15:24:50.000+0000,cooling_temperature,15
MICDEV001,2019-07-02T16:01:55.000+0000,heating_temperature,34.2
MICDEV001,2019-07-02T16:01:55.000+0000,cooling_temperature,33.1
MICDEV001,2019-07-02T17:01:57.000+0000,heating_temperature,35.4
MICDEV001,2019-07-02T17:01:57.000+0000,cooling_temperature,15
MICDEV001,2019-07-02T18:01:58.000+0000,heating_temperature,34.7
MICDEV001,2019-07-02T19:02:00.000+0000,heating_temperature,34.5
MICDEV001,2019-07-02T20:02:02.000+0000,heating_temperature,34.8
MICDEV001,2019-07-02T21:02:03.000+0000,heating_temperature,35.2
MICDEV001,2019-07-02T22:02:05.000+0000,heating_temperature,35
MICDEV001,2019-07-02T22:02:05.000+0000,cooling_temperature,15.1
MICDEV001,2019-07-02T23:02:07.000+0000,heating_temperature,34.9
MICDEV001,2019-07-02T23:02:07.000+0000,cooling_temperature,15
MICDEV001,2019-07-03T00:02:08.000+0000,heating_temperature,35.9
MICDEV001,2019-07-03T01:02:10.000+0000,heating_temperature,37
MICDEV001,2019-07-03T02:02:12.000+0000,heating_temperature,37.8
MICDEV001,2019-07-03T03:02:13.000+0000,heating_temperature,38.4
MICDEV001,2019-07-03T04:02:15.000+0000,heating_temperature,38.8
MICDEV001,2019-07-03T05:02:17.000+0000,heating_temperature,39.1
MICDEV001,2019-07-03T06:02:18.000+0000,heating_temperature,39.4
MICDEV001,2019-07-03T07:02:20.000+0000,heating_temperature,37.8
MICDEV001,2019-07-03T08:02:22.000+0000,heating_temperature,36.6
MICDEV001,2019-07-03T09:02:23.000+0000,heating_temperature,35.6
MICDEV001,2019-07-03T09:39:23.000+0000,heating_temperature,35.2
MICDEV001,2019-07-03T09:39:23.000+0000,cooling_temperature,25.8
MICDEV001,2019-07-03T10:39:25.000+0000,heating_temperature,35.6
MICDEV001,2019-07-03T10:39:25.000+0000,cooling_temperature,15
MICDEV001,2019-07-03T11:39:27.000+0000,heating_temperature,35.4
MICDEV001,2019-07-03T12:39:28.000+0000,heating_temperature,35.6
MICDEV001,2019-07-03T13:39:30.000+0000,heating_temperature,35.1
MICDEV001,2019-07-03T15:39:33.000+0000,heating_temperature,35.4
MICDEV001,2019-07-03T16:39:35.000+0000,heating_temperature,35.2
MICDEV001,2019-07-03T17:39:36.000+0000,heating_temperature,34.9
MICDEV001,2019-07-03T18:39:38.000+0000,heating_temperature,35.3
MICDEV001,2019-07-03T19:39:40.000+0000,heating_temperature,35.5
MICDEV001,2019-07-03T20:39:41.000+0000,heating_temperature,35.4
MICDEV001,2019-07-03T21:39:43.000+0000,heating_temperature,35.3
MICDEV001,2019-07-03T21:39:43.000+0000,cooling_temperature,15.1
MICDEV001,2019-07-03T22:39:45.000+0000,cooling_temperature,15
MICDEV001,2019-07-03T23:39:46.000+0000,heating_temperature,36.1
MICDEV001,2019-07-04T00:39:48.000+0000,heating_temperature,36.9
MICDEV001,2019-07-04T01:39:50.000+0000,heating_temperature,37.5
MICDEV001,2019-07-04T02:39:51.000+0000,heating_temperature,37.8
MICDEV001,2019-07-04T03:39:53.000+0000,heating_temperature,38.1
MICDEV001,2019-07-04T04:39:55.000+0000,heating_temperature,38.3
MICDEV001,2019-07-04T05:39:56.000+0000,heating_temperature,38.4
MICDEV001,2019-07-04T06:39:58.000+0000,heating_temperature,38.2
MICDEV001,2019-07-04T07:40:00.000+0000,heating_temperature,36.2
MICDEV001,2019-07-04T08:40:01.000+0000,heating_temperature,35.8
MICDEV001,2019-07-04T09:11:07.000+0000,heating_temperature,35.5
MICDEV001,2019-07-04T09:11:07.000+0000,cooling_temperature,21.3
MICDEV001,2019-07-04T10:11:09.000+0000,heating_temperature,35.4
MICDEV001,2019-07-04T10:11:09.000+0000,cooling_temperature,15
MICDEV001,2019-07-04T11:11:11.000+0000,heating_temperature,35.3
MICDEV001,2019-07-04T12:13:05.000+0000,heating_temperature,34.4
MICDEV001,2019-07-04T12:13:05.000+0000,cooling_temperature,33.2
MICDEV001,2019-07-04T13:21:41.000+0000,heating_temperature,33.4
MICDEV001,2019-07-04T13:21:41.000+0000,cooling_temperature,32.6
MICDEV001,2019-07-04T14:25:58.000+0000,heating_temperature,33
MICDEV001,2019-07-04T14:25:58.000+0000,cooling_temperature,32.1
MICDEV001,2019-07-04T14:46:16.000+0000,heating_temperature,31.9
MICDEV001,2019-07-04T14:46:16.000+0000,cooling_temperature,30.8
MICDEV001,2019-07-04T15:15:00.000+0000,heating_temperature,32
MICDEV001,2019-07-04T15:21:25.000+0000,heating_temperature,32.4
MICDEV001,2019-07-04T15:21:25.000+0000,cooling_temperature,25.1
MICDEV001,2019-07-04T15:26:08.000+0000,heating_temperature,32.8
MICDEV001,2019-07-04T15:26:08.000+0000,cooling_temperature,19.9
MICDEV001,2019-07-04T15:41:29.000+0000,heating_temperature,32.5
MICDEV001,2019-07-04T15:41:29.000+0000,cooling_temperature,31.4
MICDEV001,2019-07-04T15:55:55.000+0000,heating_temperature,32.2
MICDEV001,2019-07-04T15:55:55.000+0000,cooling_temperature,31.2
MICDEV001,2019-07-04T16:20:06.000+0000,cooling_temperature,31.1
MICDEV001,2019-07-05T10:59:32.000+0000,heating_temperature,22.7
MICDEV001,2019-07-05T10:59:32.000+0000,cooling_temperature,21.5
MICDEV001,2019-07-05T14:08:57.000+0000,heating_temperature,31.7
MICDEV001,2019-07-05T14:08:57.000+0000,cooling_temperature,30.7
MICDEV001,2019-07-05T14:30:02.000+0000,heating_temperature,32.2
MICDEV001,2019-07-05T14:30:02.000+0000,cooling_temperature,31.2
MICDEV001,2019-07-09T09:51:56.000+0000,heating_temperature,26.5
MICDEV001,2019-07-09T09:51:56.000+0000,cooling_temperature,25.5
MICDEV001,2019-07-09T10:43:20.000+0000,heating_temperature,29.8
MICDEV001,2019-07-09T10:43:20.000+0000,cooling_temperature,28.8
MICDEV001,2019-07-09T11:43:22.000+0000,heating_temperature,32.3
MICDEV001,2019-07-09T11:43:22.000+0000,cooling_temperature,15
MICDEV001,2019-07-09T12:43:24.000+0000,heating_temperature,33.2
MICDEV001,2019-07-09T13:43:25.000+0000,heating_temperature,33.8
MICDEV001,2019-07-09T14:43:27.000+0000,heating_temperature,34.8
MICDEV001,2019-07-09T15:11:40.000+0000,heating_temperature,32.8
MICDEV001,2019-07-09T15:11:40.000+0000,cooling_temperature,31.8
MICDEV001,2019-07-09T15:39:52.000+0000,heating_temperature,33.1
MICDEV001,2019-07-09T15:39:52.000+0000,cooling_temperature,32.1
MICDEV001,2019-07-09T16:46:59.000+0000,heating_temperature,32.8
MICDEV001,2019-07-09T16:46:59.000+0000,cooling_temperature,31.8
MICDEV001,2019-07-09T16:59:26.000+0000,heating_temperature,33
MICDEV001,2019-07-09T16:59:26.000+0000,cooling_temperature,32
MICDEV001,2019-07-09T17:24:33.000+0000,heating_temperature,33.2
MICDEV001,2019-07-09T17:24:33.000+0000,cooling_temperature,32.2
MICDEV001,2019-07-09T18:13:46.000+0000,heating_temperature,33
MICDEV001,2019-07-09T18:13:46.000+0000,cooling_temperature,32.1
MICDEV001,2019-07-10T08:33:30.000+0000,heating_temperature,22.2
MICDEV001,2019-07-10T08:33:30.000+0000,cooling_temperature,21.2
MICDEV001,2019-07-10T08:43:50.000+0000,heating_temperature,23.2
MICDEV001,2019-07-10T08:43:50.000+0000,cooling_temperature,20.9
MICDEV001,2019-07-10T09:24:58.000+0000,heating_temperature,24.9
MICDEV001,2019-07-10T09:24:58.000+0000,cooling_temperature,24.2
MICDEV001,2019-07-10T10:04:34.000+0000,heating_temperature,27.5
MICDEV001,2019-07-10T10:04:34.000+0000,cooling_temperature,26.7
MICDEV001,2019-07-10T10:22:11.000+0000,heating_temperature,28.7
MICDEV001,2019-07-10T10:22:11.000+0000,cooling_temperature,21.3
MICDEV001,2019-07-10T11:22:13.000+0000,heating_temperature,31.7
MICDEV001,2019-07-10T11:22:13.000+0000,cooling_temperature,15
MICDEV001,2019-07-10T11:46:06.000+0000,heating_temperature,32
MICDEV001,2019-07-10T11:46:06.000+0000,cooling_temperature,29.9
MICDEV001,2019-07-10T12:05:23.000+0000,heating_temperature,32.5
MICDEV001,2019-07-10T12:05:23.000+0000,cooling_temperature,31.4
MICDEV001,2019-07-10T12:17:28.000+0000,heating_temperature,32.3
MICDEV001,2019-07-10T12:51:51.000+0000,heating_temperature,29.7
MICDEV001,2019-07-10T12:51:51.000+0000,cooling_temperature,29.1
MICDEV001,2019-07-10T13:16:29.000+0000,heating_temperature,30.7
MICDEV001,2019-07-10T13:16:29.000+0000,cooling_temperature,27.8
MICDEV001,2019-07-10T13:41:33.000+0000,heating_temperature,31.7
MICDEV001,2019-07-10T13:41:33.000+0000,cooling_temperature,25.5
MICDEV001,2019-07-10T14:41:35.000+0000,heating_temperature,33.7
MICDEV001,2019-07-10T14:41:35.000+0000,cooling_temperature,15
MICDEV001,2019-07-10T15:22:51.000+0000,heating_temperature,33.4
MICDEV001,2019-07-10T15:22:51.000+0000,cooling_temperature,20
MICDEV001,2019-07-10T16:16:32.000+0000,heating_temperature,33.6
MICDEV001,2019-07-10T16:16:32.000+0000,cooling_temperature,31.4
MICDEV001,2019-07-10T16:32:52.000+0000,heating_temperature,33.1
MICDEV001,2019-07-10T16:32:52.000+0000,cooling_temperature,32
MICDEV001,2019-07-10T17:55:21.000+0000,heating_temperature,32.9
MICDEV001,2019-07-10T17:55:21.000+0000,cooling_temperature,32.1
MICDEV001,2019-07-10T18:55:23.000+0000,heating_temperature,34.2
MICDEV001,2019-07-10T18:55:23.000+0000,cooling_temperature,15
MICDEV001,2019-07-11T07:57:53.000+0000,heating_temperature,22.6
MICDEV001,2019-07-11T07:57:53.000+0000,cooling_temperature,21.7
MICDEV001,2019-07-11T08:57:54.000+0000,heating_temperature,28.6
MICDEV001,2019-07-11T08:57:54.000+0000,cooling_temperature,15.1
MICDEV001,2019-07-11T09:59:02.000+0000,heating_temperature,31.1
MICDEV001,2019-07-11T09:59:02.000+0000,cooling_temperature,30.2
MICDEV001,2019-07-11T11:09:37.000+0000,heating_temperature,32.3
MICDEV001,2019-07-11T11:09:37.000+0000,cooling_temperature,31.5
MICDEV001,2019-07-11T11:45:33.000+0000,heating_temperature,32.4
MICDEV001,2019-07-11T12:04:54.000+0000,cooling_temperature,30.3
MICDEV001,2019-07-11T12:24:39.000+0000,heating_temperature,32.8
MICDEV001,2019-07-11T12:24:39.000+0000,cooling_temperature,31.4
MICDEV001,2019-07-11T13:18:04.000+0000,heating_temperature,32.9
MICDEV001,2019-07-11T13:18:04.000+0000,cooling_temperature,31.8
MICDEV001,2019-07-12T11:48:38.000+0000,heating_temperature,23.3
MICDEV001,2019-07-12T11:48:38.000+0000,cooling_temperature,22.3
MICDEV001,2019-07-12T12:23:21.000+0000,heating_temperature,26.2
MICDEV001,2019-07-12T12:23:21.000+0000,cooling_temperature,23.1
MICDEV001,2019-07-12T13:23:22.000+0000,heating_temperature,30.3
MICDEV001,2019-07-12T13:23:22.000+0000,cooling_temperature,15
MICDEV001,2019-07-12T14:23:24.000+0000,heating_temperature,32.6
MICDEV001,2019-07-12T15:23:26.000+0000,heating_temperature,33.8
MICDEV001,2019-07-12T16:23:27.000+0000,heating_temperature,34.1
MICDEV001,2019-07-23T14:00:15.000+0000,heating_temperature,26.8
MICDEV001,2019-07-23T14:00:15.000+0000,cooling_temperature,25.9
MICDEV001,2019-07-23T15:00:17.000+0000,heating_temperature,30.9
MICDEV001,2019-07-23T15:00:17.000+0000,cooling_temperature,15
MICDEV001,2019-07-23T16:00:19.000+0000,heating_temperature,33
MICDEV001,2019-07-23T16:08:06.000+0000,heating_temperature,32.7
MICDEV001,2019-07-23T16:08:06.000+0000,cooling_temperature,24.7
MICDEV001,2019-07-24T10:31:02.000+0000,heating_temperature,22.7
MICDEV001,2019-07-24T10:31:02.000+0000,cooling_temperature,21.8
MICDEV001,2019-07-24T11:31:03.000+0000,heating_temperature,28.3
MICDEV001,2019-07-24T11:31:03.000+0000,cooling_temperature,15
MICDEV001,2019-07-24T13:13:09.000+0000,heating_temperature,29.9
MICDEV001,2019-07-24T13:13:09.000+0000,cooling_temperature,29.2
MICDEV001,2019-07-24T14:13:10.000+0000,heating_temperature,32.4
MICDEV001,2019-07-24T14:13:10.000+0000,cooling_temperature,15.1
MICDEV001,2019-07-24T15:13:12.000+0000,heating_temperature,33.6
MICDEV001,2019-07-24T15:13:12.000+0000,cooling_temperature,15
MICDEV001,2019-07-24T16:12:34.000+0000,cooling_temperature,32.5
MICDEV001,2019-07-24T16:54:58.000+0000,heating_temperature,34.3
MICDEV001,2019-07-24T16:54:58.000+0000,cooling_temperature,20.3
MICDEV001,2019-07-24T17:43:25.000+0000,heating_temperature,33.9
MICDEV001,2019-07-24T17:43:25.000+0000,cooling_temperature,29.2
MICDEV001,2019-07-24T18:43:26.000+0000,heating_temperature,34.6
MICDEV001,2019-07-24T18:43:26.000+0000,cooling_temperature,15
MICDEV001,2019-07-25T08:03:41.000+0000,heating_temperature,23.3
MICDEV001,2019-07-25T08:03:41.000+0000,cooling_temperature,22.5
MICDEV001,2019-07-25T09:03:42.000+0000,heating_temperature,28.7
MICDEV001,2019-07-25T09:03:42.000+0000,cooling_temperature,15
MICDEV001,2019-07-25T10:03:44.000+0000,heating_temperature,31.8
MICDEV001,2019-07-25T11:03:46.000+0000,heating_temperature,32.7
MICDEV001,2019-07-25T12:03:47.000+0000,heating_temperature,33.4
MICDEV001,2019-07-25T13:03:49.000+0000,heating_temperature,34
MICDEV001,2019-07-25T14:03:50.000+0000,heating_temperature,33.8
MICDEV001,2019-07-25T15:03:52.000+0000,heating_temperature,34.5
MICDEV001,2019-07-25T16:03:54.000+0000,heating_temperature,34
MICDEV001,2019-07-25T16:49:11.000+0000,heating_temperature,32.9
MICDEV001,2019-07-25T16:49:11.000+0000,cooling_temperature,32
MICDEV001,2019-07-25T17:49:13.000+0000,heating_temperature,34.1
MICDEV001,2019-07-25T17:49:13.000+0000,cooling_temperature,15
MICDEV001,2019-07-25T18:49:15.000+0000,heating_temperature,34.7
MICDEV001,2019-07-25T19:49:16.000+0000,heating_temperature,35.3
MICDEV001,2019-07-26T07:58:43.000+0000,heating_temperature,23.2
MICDEV001,2019-07-26T07:58:43.000+0000,cooling_temperature,22.3
MICDEV001,2019-07-26T08:58:45.000+0000,heating_temperature,28.8
MICDEV001,2019-07-26T08:58:45.000+0000,cooling_temperature,15.1
MICDEV001,2019-07-26T09:58:46.000+0000,heating_temperature,32
MICDEV001,2019-07-26T10:58:48.000+0000,heating_temperature,33
MICDEV001,2019-07-26T10:58:48.000+0000,cooling_temperature,15
MICDEV001,2019-07-26T11:58:50.000+0000,heating_temperature,34.1
MICDEV001,2019-07-26T12:58:51.000+0000,heating_temperature,34.6
MICDEV001,2019-07-26T15:02:11.000+0000,heating_temperature,31.4
MICDEV001,2019-07-26T15:02:11.000+0000,cooling_temperature,30.6
MICDEV001,2019-07-29T13:29:37.000+0000,heating_temperature,29.6
MICDEV001,2019-07-29T13:29:37.000+0000,cooling_temperature,28.9
MICDEV001,2019-07-29T14:29:39.000+0000,heating_temperature,31.8
MICDEV001,2019-07-29T14:29:39.000+0000,cooling_temperature,15
MICDEV001,2019-07-29T15:29:40.000+0000,heating_temperature,32.8
MICDEV001,2019-07-29T16:29:42.000+0000,heating_temperature,33.8
MICDEV001,2019-07-29T18:29:45.000+0000,heating_temperature,34.1
MICDEV001,2019-07-29T19:29:47.000+0000,heating_temperature,34
MICDEV001,2019-07-29T20:29:49.000+0000,heating_temperature,34.5
MICDEV001,2019-07-29T21:29:50.000+0000,heating_temperature,34.6
MICDEV001,2019-07-29T22:29:52.000+0000,heating_temperature,34.5
MICDEV001,2019-07-29T23:29:54.000+0000,heating_temperature,34.8
MICDEV001,2019-07-30T00:29:55.000+0000,heating_temperature,35.8
MICDEV001,2019-07-30T01:29:57.000+0000,heating_temperature,36.6
MICDEV001,2019-07-30T02:29:58.000+0000,heating_temperature,37.2
MICDEV001,2019-07-30T03:30:00.000+0000,heating_temperature,37.7
MICDEV001,2019-07-30T04:30:02.000+0000,heating_temperature,37.9
MICDEV001,2019-07-30T05:30:03.000+0000,heating_temperature,38.2
MICDEV001,2019-07-30T06:30:05.000+0000,heating_temperature,38.3
MICDEV001,2019-07-30T07:30:07.000+0000,heating_temperature,35.7
MICDEV001,2019-07-30T08:30:08.000+0000,heating_temperature,35.5
MICDEV001,2019-07-30T09:08:06.000+0000,heating_temperature,34
MICDEV001,2019-07-30T09:08:06.000+0000,cooling_temperature,33
MICDEV001,2019-07-30T09:41:04.000+0000,cooling_temperature,30.8
MICDEV001,2019-07-30T09:48:37.000+0000,heating_temperature,34.7
MICDEV001,2019-07-30T09:48:37.000+0000,cooling_temperature,14.9
MICDEV001,2019-07-30T10:48:39.000+0000,heating_temperature,34.3
MICDEV001,2019-07-30T10:48:39.000+0000,cooling_temperature,15
MICDEV001,2019-07-30T11:48:41.000+0000,heating_temperature,34.6
MICDEV001,2019-07-30T12:48:42.000+0000,heating_temperature,34.7
MICDEV001,2019-07-30T12:48:42.000+0000,cooling_temperature,15.1
MICDEV001,2019-07-30T13:48:44.000+0000,heating_temperature,34.5
MICDEV001,2019-07-30T13:48:44.000+0000,cooling_temperature,15
MICDEV001,2019-07-30T14:48:46.000+0000,heating_temperature,34.7
MICDEV001,2019-07-30T15:34:40.000+0000,heating_temperature,34.2
MICDEV001,2019-07-30T15:34:40.000+0000,cooling_temperature,33
MICDEV001,2019-07-30T16:34:42.000+0000,heating_temperature,34.9
MICDEV001,2019-07-30T16:34:42.000+0000,cooling_temperature,15
MICDEV001,2019-10-09T15:25:09.000+0000,heating_temperature,22.3
MICDEV001,2019-10-09T15:25:09.000+0000,cooling_temperature,21.2
MICDEV001,2019-10-09T16:25:10.000+0000,heating_temperature,27.9
MICDEV001,2019-10-09T16:25:10.000+0000,cooling_temperature,15.1
MICDEV001,2019-10-09T17:25:12.000+0000,heating_temperature,31
MICDEV001,2019-10-09T17:25:12.000+0000,cooling_temperature,15
MICDEV001,2019-10-09T18:25:14.000+0000,heating_temperature,32.8
MICDEV001,2019-10-09T19:25:15.000+0000,heating_temperature,33.2
MICDEV001,2019-10-09T20:25:17.000+0000,heating_temperature,34
MICDEV001,2019-10-09T23:25:22.000+0000,heating_temperature,34.4
MICDEV001,2019-10-10T00:25:24.000+0000,heating_temperature,34.8
MICDEV001,2019-10-10T01:25:25.000+0000,heating_temperature,35
MICDEV001,2019-10-10T02:25:27.000+0000,heating_temperature,35.2
MICDEV001,2019-10-10T09:31:21.000+0000,heating_temperature,32.6
MICDEV001,2019-10-10T09:31:21.000+0000,cooling_temperature,31.8
MICDEV001,2019-10-10T10:31:23.000+0000,heating_temperature,34
MICDEV001,2019-10-10T10:31:23.000+0000,cooling_temperature,15
MICDEV001,2019-10-10T12:31:26.000+0000,heating_temperature,33.9
MICDEV001,2019-10-10T13:31:28.000+0000,heating_temperature,34.2
MICDEV001,2019-10-10T14:31:29.000+0000,heating_temperature,34.4
MICDEV001,2019-10-10T15:31:31.000+0000,heating_temperature,34
MICDEV001,2019-10-10T16:31:33.000+0000,heating_temperature,34.3
MICDEV001,2019-10-11T10:17:05.000+0000,heating_temperature,22.5
MICDEV001,2019-10-11T10:17:05.000+0000,cooling_temperature,21.3
MICDEV001,2019-10-11T11:17:07.000+0000,heating_temperature,28.4
MICDEV001,2019-10-11T11:17:07.000+0000,cooling_temperature,15
MICDEV001,2019-10-11T12:17:09.000+0000,heating_temperature,31.6
MICDEV001,2019-10-11T12:17:09.000+0000,cooling_temperature,15.1
MICDEV001,2019-10-11T13:17:10.000+0000,heating_temperature,32.8
MICDEV001,2019-10-11T14:17:12.000+0000,heating_temperature,33.5
MICDEV001,2019-10-11T14:17:12.000+0000,cooling_temperature,15
MICDEV001,2019-10-11T15:17:14.000+0000,heating_temperature,34.3
MICDEV001,2019-10-11T16:17:15.000+0000,heating_temperature,34.5
MICDEV001,2019-10-14T12:14:15.000+0000,heating_temperature,23.5
MICDEV001,2019-10-14T12:14:15.000+0000,cooling_temperature,22.4
MICDEV001,2019-10-14T14:58:55.000+0000,heating_temperature,31.4
MICDEV001,2019-10-14T14:58:55.000+0000,cooling_temperature,30.6
MICDEV001,2019-10-14T15:58:56.000+0000,heating_temperature,32.9
MICDEV001,2019-10-14T15:58:56.000+0000,cooling_temperature,15
MICDEV001,2019-10-23T09:17:14.000+0000,heating_temperature,23.2
MICDEV001,2019-10-23T09:17:14.000+0000,cooling_temperature,22.1
MICDEV001,2019-10-23T10:17:16.000+0000,heating_temperature,28.5
MICDEV001,2019-10-23T10:17:16.000+0000,cooling_temperature,15
MICDEV001,2019-10-23T11:17:18.000+0000,heating_temperature,31.8
MICDEV001,2019-10-23T11:17:18.000+0000,cooling_temperature,15.1
MICDEV001,2019-10-23T12:17:19.000+0000,heating_temperature,33
MICDEV001,2019-10-23T12:17:19.000+0000,cooling_temperature,15
MICDEV001,2019-10-23T13:17:21.000+0000,heating_temperature,33.8
MICDEV001,2019-10-23T14:17:23.000+0000,heating_temperature,34.9
MICDEV001,2019-10-23T15:17:24.000+0000,heating_temperature,34.8
MICDEV001,2019-10-24T09:41:01.000+0000,heating_temperature,23.3
MICDEV001,2019-10-24T09:41:01.000+0000,cooling_temperature,22.2
MICDEV001,2019-10-24T11:05:18.000+0000,heating_temperature,29.7
MICDEV001,2019-10-24T11:05:18.000+0000,cooling_temperature,28.8
MICDEV001,2019-10-24T11:26:41.000+0000,heating_temperature,30.6
MICDEV001,2019-10-24T11:26:41.000+0000,cooling_temperature,22.1
MICDEV001,2019-10-24T12:26:42.000+0000,heating_temperature,33
MICDEV001,2019-10-24T12:26:42.000+0000,cooling_temperature,15
MICDEV001,2019-10-24T13:26:44.000+0000,heating_temperature,33.6
MICDEV001,2019-10-24T14:26:46.000+0000,heating_temperature,34
MICDEV001,2019-10-24T14:57:14.000+0000,heating_temperature,33.5
MICDEV001,2019-10-24T14:57:14.000+0000,cooling_temperature,32.6
MICDEV001,2019-10-24T15:18:00.000+0000,heating_temperature,33.4
MICDEV001,2019-10-24T15:18:00.000+0000,cooling_temperature,32.4
MICDEV001,2019-10-24T16:18:02.000+0000,heating_temperature,34.1
MICDEV001,2019-10-24T16:18:02.000+0000,cooling_temperature,15
MICDEV001,2019-10-25T10:25:30.000+0000,heating_temperature,23
MICDEV001,2019-10-25T10:25:30.000+0000,cooling_temperature,21.9
MICDEV001,2019-10-25T11:25:32.000+0000,heating_temperature,28.6
MICDEV001,2019-10-25T11:25:32.000+0000,cooling_temperature,15
MICDEV001,2019-10-25T12:25:33.000+0000,heating_temperature,31.7
MICDEV001,2019-10-25T13:25:35.000+0000,heating_temperature,33
MICDEV001,2019-10-25T14:21:22.000+0000,heating_temperature,32.7
MICDEV001,2019-10-25T14:21:22.000+0000,cooling_temperature,31.3
MICDEV001,2019-10-25T15:21:24.000+0000,heating_temperature,34.2
MICDEV001,2019-10-25T15:21:24.000+0000,cooling_temperature,15
MICDEV001,2019-10-25T16:21:26.000+0000,heating_temperature,34.5
MICDEV001,2019-10-28T11:04:50.000+0000,heating_temperature,22.9
MICDEV001,2019-10-28T11:04:50.000+0000,cooling_temperature,21.8
MICDEV001,2019-10-28T11:31:13.000+0000,heating_temperature,25.5
MICDEV001,2019-10-28T11:31:13.000+0000,cooling_temperature,21.2
MICDEV001,2019-10-28T11:42:47.000+0000,heating_temperature,25.8
MICDEV001,2019-10-28T11:42:47.000+0000,cooling_temperature,24.8
MICDEV001,2019-10-28T12:42:48.000+0000,heating_temperature,30.2
MICDEV001,2019-10-28T12:42:48.000+0000,cooling_temperature,15
MICDEV001,2019-10-28T13:42:50.000+0000,heating_temperature,32.1
MICDEV001,2019-10-28T14:42:52.000+0000,heating_temperature,33.1
MICDEV001,2019-10-28T15:42:53.000+0000,heating_temperature,34
MICDEV001,2019-10-28T16:42:55.000+0000,heating_temperature,34.1
MICDEV001,2019-10-28T18:42:58.000+0000,heating_temperature,34.4
MICDEV001,2019-10-29T11:11:08.000+0000,heating_temperature,27.4
MICDEV001,2019-10-29T11:11:08.000+0000,cooling_temperature,26.5
MICDEV001,2019-10-29T12:11:09.000+0000,heating_temperature,31.1
MICDEV001,2019-10-29T12:11:09.000+0000,cooling_temperature,15
MICDEV001,2019-10-29T13:11:11.000+0000,heating_temperature,32.5
MICDEV001,2019-10-29T14:11:13.000+0000,heating_temperature,33.5
MICDEV001,2019-10-29T15:11:14.000+0000,heating_temperature,34.2
MICDEV001,2019-10-29T16:14:23.000+0000,heating_temperature,30.6
MICDEV001,2019-10-29T16:14:23.000+0000,cooling_temperature,29.8
MICDEV001,2019-10-30T09:49:41.000+0000,heating_temperature,24.8
MICDEV001,2019-10-30T09:49:41.000+0000,cooling_temperature,23.9
MICDEV001,2019-10-30T10:49:43.000+0000,heating_temperature,29.3
MICDEV001,2019-10-30T10:49:43.000+0000,cooling_temperature,15
MICDEV001,2019-10-30T11:49:44.000+0000,heating_temperature,32.3
MICDEV001,2019-10-30T12:35:44.000+0000,heating_temperature,33.4
MICDEV001,2019-10-30T12:35:44.000+0000,cooling_temperature,19.6
MICDEV001,2019-10-30T13:35:45.000+0000,heating_temperature,34.2
MICDEV001,2019-10-30T13:35:45.000+0000,cooling_temperature,15
MICDEV001,2019-10-30T14:35:47.000+0000,heating_temperature,34.6
MICDEV001,2019-10-30T15:35:49.000+0000,heating_temperature,35
MICDEV001,2019-10-30T16:35:50.000+0000,heating_temperature,34.7
MICDEV001,2019-10-31T08:01:05.000+0000,heating_temperature,22.7
MICDEV001,2019-10-31T08:01:05.000+0000,cooling_temperature,21.6
MICDEV001,2019-10-31T09:01:06.000+0000,heating_temperature,28.5
MICDEV001,2019-10-31T09:01:06.000+0000,cooling_temperature,15
MICDEV001,2019-10-31T10:01:08.000+0000,heating_temperature,31.3
MICDEV001,2019-10-31T11:01:10.000+0000,heating_temperature,32.6
MICDEV001,2019-10-31T12:01:11.000+0000,heating_temperature,33.5
MICDEV001,2019-10-31T13:01:13.000+0000,heating_temperature,34.1
MICDEV001,2019-11-04T12:26:19.000+0000,heating_temperature,22.2
MICDEV001,2019-11-04T12:26:19.000+0000,cooling_temperature,21.1
MICDEV001,2019-11-04T13:26:20.000+0000,heating_temperature,28.3
MICDEV001,2019-11-04T13:26:20.000+0000,cooling_temperature,15
MICDEV001,2019-11-04T14:26:22.000+0000,heating_temperature,31.4
MICDEV001,2019-11-04T15:26:24.000+0000,heating_temperature,32.6
MICDEV001,2019-11-05T16:39:49.000+0000,heating_temperature,32
MICDEV001,2019-11-05T16:39:49.000+0000,cooling_temperature,31.1
MICDEV001,2019-11-06T09:21:53.000+0000,heating_temperature,22.7
MICDEV001,2019-11-06T09:21:53.000+0000,cooling_temperature,21.6
MICDEV001,2019-11-06T13:04:23.000+0000,heating_temperature,33.6
MICDEV001,2019-11-06T13:04:23.000+0000,cooling_temperature,15
MICDEV001,2019-11-06T14:04:25.000+0000,heating_temperature,34.1
MICDEV001,2019-11-06T15:04:27.000+0000,heating_temperature,34
MICDEV001,2019-11-06T16:04:28.000+0000,heating_temperature,34.3
MICDEV001,2019-11-06T17:04:30.000+0000,heating_temperature,34.7
MICDEV001,2019-11-06T18:04:31.000+0000,cooling_temperature,15.1
MICDEV001,2019-11-06T19:04:33.000+0000,cooling_temperature,15
MICDEV001,2019-11-06T20:04:35.000+0000,heating_temperature,35.3
MICDEV001,2019-11-06T22:04:38.000+0000,heating_temperature,35.2
MICDEV001,2019-11-06T23:04:40.000+0000,heating_temperature,35.8
MICDEV001,2019-11-07T00:04:42.000+0000,heating_temperature,36.4
MICDEV001,2019-11-07T01:04:44.000+0000,heating_temperature,36.8
MICDEV001,2019-11-07T02:04:45.000+0000,heating_temperature,37.1
MICDEV001,2019-11-07T03:04:47.000+0000,heating_temperature,37.3
MICDEV001,2019-11-07T04:04:49.000+0000,heating_temperature,37.5
MICDEV001,2019-11-07T06:04:52.000+0000,heating_temperature,37.1
MICDEV001,2019-11-07T07:04:54.000+0000,heating_temperature,36.2
MICDEV001,2019-11-07T08:04:56.000+0000,heating_temperature,35.7
MICDEV001,2019-11-07T09:04:58.000+0000,heating_temperature,36
MICDEV001,2019-11-07T10:04:59.000+0000,heating_temperature,35.2
MICDEV001,2019-11-07T13:05:05.000+0000,heating_temperature,35.2
MICDEV001,2019-11-07T14:05:06.000+0000,heating_temperature,34.7
MICDEV001,2019-11-07T15:05:08.000+0000,heating_temperature,34.9
MICDEV001,2019-11-07T16:05:10.000+0000,heating_temperature,34.6
MICDEV001,2019-11-07T17:05:12.000+0000,heating_temperature,34.3
MICDEV001,2019-11-07T18:05:13.000+0000,heating_temperature,34.6
MICDEV001,2019-11-08T10:41:54.000+0000,heating_temperature,22.3
MICDEV001,2019-11-08T10:41:54.000+0000,cooling_temperature,21.2
MICDEV001,2019-11-11T09:53:29.000+0000,heating_temperature,31.6
MICDEV001,2019-11-11T09:53:29.000+0000,cooling_temperature,30.8
MICDEV001,2019-11-25T16:10:31.000+0000,heating_temperature,35.5
MICDEV001,2019-11-25T16:22:20.000+0000,heating_temperature,35.1
MICDEV001,2019-11-25T16:22:20.000+0000,cooling_temperature,23.9
MICDEV001,2019-11-25T17:22:22.000+0000,heating_temperature,35.7
MICDEV001,2019-11-25T17:22:22.000+0000,cooling_temperature,15
MICDEV001,2019-11-25T18:22:23.000+0000,heating_temperature,35.9
MICDEV001,2019-11-25T20:22:27.000+0000,heating_temperature,35.8
MICDEV001,2019-11-25T23:22:32.000+0000,heating_temperature,35.6
MICDEV001,2019-11-26T00:22:33.000+0000,heating_temperature,35.5
MICDEV001,2019-11-26T01:22:35.000+0000,heating_temperature,35.4
MICDEV001,2019-11-26T09:22:48.000+0000,heating_temperature,35.5
MICDEV001,2019-11-26T11:03:53.000+0000,heating_temperature,34.4
MICDEV001,2019-11-26T11:03:53.000+0000,cooling_temperature,33.4
MICDEV001,2019-11-26T12:10:59.000+0000,heating_temperature,34.6
MICDEV001,2019-11-26T12:10:59.000+0000,cooling_temperature,33.6
MICDEV001,2019-11-26T13:11:00.000+0000,heating_temperature,36
MICDEV001,2019-11-26T13:11:00.000+0000,cooling_temperature,15
MICDEV001,2019-11-26T14:11:02.000+0000,heating_temperature,36.5
MICDEV001,2019-11-26T15:11:04.000+0000,heating_temperature,36.8
MICDEV001,2019-11-26T16:11:05.000+0000,heating_temperature,35.8
MICDEV001,2019-11-26T17:11:07.000+0000,heating_temperature,34.9
MICDEV001,2019-11-27T22:55:44.000+0000,heating_temperature,35.3
MICDEV001,2019-11-27T23:55:46.000+0000,heating_temperature,35.8
MICDEV001,2019-11-28T00:55:48.000+0000,heating_temperature,36.1
MICDEV001,2019-11-28T01:55:49.000+0000,heating_temperature,36.4
MICDEV001,2019-11-28T02:55:51.000+0000,heating_temperature,36.5
MICDEV001,2019-11-28T03:55:53.000+0000,heating_temperature,36.7
MICDEV001,2019-11-28T04:55:54.000+0000,heating_temperature,36.8
MICDEV001,2019-11-28T06:55:58.000+0000,heating_temperature,35.5
MICDEV001,2019-11-28T07:55:59.000+0000,heating_temperature,35.6
MICDEV001,2019-11-28T08:56:01.000+0000,heating_temperature,35.4
MICDEV001,2019-12-03T14:26:06.000+0000,heating_temperature,31.6
MICDEV001,2019-12-03T14:26:06.000+0000,cooling_temperature,15
MICDEV001,2019-12-03T15:26:08.000+0000,heating_temperature,32.8
MICDEV001,2019-12-03T16:26:09.000+0000,heating_temperature,33.7
MICDEV001,2019-12-03T17:26:11.000+0000,heating_temperature,34.3
MICDEV001,2019-12-04T14:01:46.000+0000,heating_temperature,32.5
MICDEV001,2019-12-04T14:01:46.000+0000,cooling_temperature,15
MICDEV001,2019-12-04T15:01:48.000+0000,heating_temperature,33.5
MICDEV001,2019-12-04T16:01:50.000+0000,heating_temperature,34.4
MICDEV001,2019-12-04T17:01:51.000+0000,heating_temperature,34.1
MICDEV001,2019-12-04T18:01:53.000+0000,heating_temperature,34.3
MICDEV001,2019-12-04T18:01:53.000+0000,cooling_temperature,14.9
MICDEV001,2019-12-04T19:01:55.000+0000,heating_temperature,34.6
MICDEV001,2019-12-04T19:01:55.000+0000,cooling_temperature,15
MICDEV001,2019-12-04T20:01:56.000+0000,heating_temperature,34.5
MICDEV001,2019-12-04T21:01:58.000+0000,heating_temperature,35
MICDEV001,2019-12-04T22:02:00.000+0000,heating_temperature,34.8
MICDEV001,2019-12-04T23:02:01.000+0000,heating_temperature,35.1
MICDEV001,2019-12-05T01:02:05.000+0000,heating_temperature,35.2
MICDEV001,2019-12-05T13:02:25.000+0000,heating_temperature,34.2
MICDEV001,2019-12-05T14:02:26.000+0000,heating_temperature,34.5
MICDEV001,2019-12-05T15:02:29.000+0000,heating_temperature,34.4
MICDEV001,2019-12-05T16:02:31.000+0000,heating_temperature,34.1
MICDEV001,2019-12-05T17:02:32.000+0000,heating_temperature,34.5
MICDEV001,2019-12-05T18:02:34.000+0000,heating_temperature,34.2
MICDEV001,2019-12-05T20:02:58.000+0000,heating_temperature,34.3
MICDEV001,2019-12-05T21:03:00.000+0000,heating_temperature,34.1
MICDEV001,2019-12-05T22:03:02.000+0000,heating_temperature,34.5
MICDEV001,2019-12-05T23:03:03.000+0000,heating_temperature,34.3
MICDEV001,2019-12-06T00:03:05.000+0000,heating_temperature,34.5
MICDEV001,2019-12-06T01:03:07.000+0000,heating_temperature,34.6
MICDEV001,2019-12-06T02:03:08.000+0000,heating_temperature,34.7
MICDEV001,2019-12-06T12:03:25.000+0000,heating_temperature,34.3
MICDEV001,2019-12-06T13:03:27.000+0000,heating_temperature,34.2
MICDEV001,2019-12-06T14:03:28.000+0000,heating_temperature,34.6
MICDEV001,2019-12-06T15:03:30.000+0000,heating_temperature,34.4
MICDEV001,2019-12-06T16:03:38.000+0000,heating_temperature,34.2
MICDEV001,2019-12-06T17:03:50.000+0000,heating_temperature,34.4
MICDEV001,2019-12-06T18:04:00.000+0000,heating_temperature,34.3
MICDEV001,2019-12-06T19:04:15.000+0000,heating_temperature,34.1
MICDEV001,2019-12-06T20:04:26.000+0000,heating_temperature,34.4
MICDEV001,2019-12-06T21:04:32.000+0000,heating_temperature,34.2
MICDEV001,2019-12-06T22:04:33.000+0000,heating_temperature,34.6
MICDEV001,2019-12-07T00:04:37.000+0000,heating_temperature,34.8
MICDEV001,2019-12-07T01:04:38.000+0000,heating_temperature,35.1
MICDEV001,2019-12-07T02:04:40.000+0000,heating_temperature,35.2
MICDEV001,2019-12-07T03:04:42.000+0000,heating_temperature,35.4
MICDEV001,2019-12-07T04:04:43.000+0000,heating_temperature,35.6
MICDEV001,2019-12-07T05:04:45.000+0000,heating_temperature,35.8
MICDEV001,2019-12-07T07:04:48.000+0000,heating_temperature,35
MICDEV001,2019-12-07T08:04:50.000+0000,heating_temperature,35.1
MICDEV001,2019-12-08T23:05:55.000+0000,heating_temperature,36.4
MICDEV001,2019-12-09T00:05:56.000+0000,heating_temperature,36.5
MICDEV001,2019-12-09T06:06:06.000+0000,heating_temperature,36.1
MICDEV001,2019-12-09T07:06:08.000+0000,heating_temperature,35.3
MICDEV001,2019-12-09T08:06:10.000+0000,heating_temperature,35.1
MICDEV001,2019-12-09T09:06:11.000+0000,heating_temperature,35
MICDEV001,2019-12-10T09:02:10.000+0000,heating_temperature,22.1
MICDEV001,2019-12-10T09:02:10.000+0000,cooling_temperature,21
MICDEV001,2019-12-11T02:45:55.000+0000,heating_temperature,34.4
MICDEV001,2019-12-11T05:46:00.000+0000,heating_temperature,34.3
MICDEV001,2019-12-11T06:46:02.000+0000,heating_temperature,34.5
MICDEV001,2019-12-11T07:46:03.000+0000,heating_temperature,34.3
MICDEV001,2019-12-11T08:46:05.000+0000,heating_temperature,34.4
MICDEV001,2020-01-20T14:13:47.000+0000,cooling_temperature,28.5
MICDEV001,2020-01-20T14:13:47.000+0000,heating_temperature,29.2
MICDEV001,2020-01-20T15:13:49.000+0000,cooling_temperature,15
MICDEV001,2020-01-20T15:13:49.000+0000,heating_temperature,32
MICDEV001,2020-01-20T16:13:50.000+0000,heating_temperature,32.9
MICDEV001,2020-01-20T17:13:52.000+0000,heating_temperature,33.5
MICDEV001,2020-01-20T18:00:27.000+0000,cooling_temperature,18.9
MICDEV001,2020-01-20T18:00:27.000+0000,heating_temperature,33.8
MICDEV001,2020-01-20T19:00:29.000+0000,cooling_temperature,15
MICDEV001,2020-01-21T11:28:35.000+0000,cooling_temperature,19.5
MICDEV001,2020-01-21T12:28:36.000+0000,cooling_temperature,15
MICDEV001,2020-01-21T12:28:36.000+0000,heating_temperature,33.9
MICDEV001,2020-01-21T13:28:38.000+0000,heating_temperature,34.4
MICDEV001,2020-01-21T14:28:40.000+0000,heating_temperature,34.3
MICDEV001,2020-01-21T15:28:41.000+0000,heating_temperature,34
MICDEV001,2020-01-21T16:28:43.000+0000,heating_temperature,34.1
MICDEV001,2020-01-21T17:28:45.000+0000,heating_temperature,34.4
MICDEV001,2020-01-24T08:56:36.000+0000,cooling_temperature,20.6
MICDEV001,2020-01-24T08:56:36.000+0000,heating_temperature,21.7
